Year,District,Petrol_Liters,Diesel_Liters,Kerosene_Liters,CO2_Petrol_Tons,CO2_Diesel_Tons,CO2_Kerosene_Tons,CO2_Total_Tons,Petrol_Pct,Diesel_Pct,Kerosene_Pct
2010,Kandy,19135.31471110047,41249.1988660524,2776.43785352969,44.202576982642086,110.54785296102044,6.830037119683038,161.58046706334557,27.356386440765164,68.4165945118116,4.227019047423231
2010,Matale,7186.292165172156,18364.760796330625,1566.0595923351025,16.600334901547683,49.21755893416608,3.8525065971443517,69.67040043285812,23.826954916881164,70.64342766566615,5.529617417452683
2010,Nuwara Eliya,4825.397946795878,16621.072926437577,1836.8020981286288,11.146669257098479,44.54447544285271,4.5185331613964275,60.209677861347615,18.513085691584855,73.98225173273782,7.504662575677321
2010,Batticaloa,12390.747484999645,28335.433481895183,5011.390695472328,28.622626690349183,75.9389617314791,12.328021110861926,116.8896095326902,24.48688707642947,64.96639182479385,10.54672109877669
2010,Ampara,9085.03453597004,23429.928504665895,4438.053624380155,20.986429778090795,62.792208392504605,10.917611915975181,94.69625008657059,22.161838255374594,66.30907595084331,11.529085793782102
2010,Trincomalee,5739.8499721822345,22536.758977597925,6534.980875133937,13.259053435740961,60.398514059962444,16.076052952829485,89.73362044853289,14.776015243189423,67.30867846194201,17.915306294868575
2010,Anuradhapura,28359.578294779585,43922.192551809916,2943.661165931574,65.51062586094083,117.71147603885058,7.241406468191672,190.4635083679831,34.39536865737645,61.802639806165544,3.8019915364579893
2010,Polonnaruwa,6518.938941739769,20830.107911007082,1465.1947372355535,15.058748955418867,55.824689201498984,3.6043790535994615,74.4878172105173,20.21639177969179,74.94472424091495,4.838883979393266
2010,Jaffna,8250.369903893969,21085.79366094345,8823.020482918442,19.058354477995067,56.50992701132845,21.704630387979368,97.27291187730287,19.59266368219212,58.094207236859916,22.31312908094798
2010,Mannar,1516.8510193153584,5188.020022467294,4581.387892153199,3.503925854618478,13.90389366021235,11.27021421469687,28.678033729527698,12.218152358928076,48.482729992386176,39.29911764868574
2010,Mulalativu,1641.5970920441189,5299.251171748992,1905.8148937230571,3.7920892826219146,14.201993140287302,4.68830463855872,22.682387061467935,16.718210796533786,62.61242743896723,20.669361764498994
2010,Vavuniya,2980.1301055570157,11348.84725147471,1536.8618711220752,6.884100543836706,30.414910633952225,3.780680202960305,41.07969138074924,16.757916898720257,74.0388002238139,9.203282877465838
2010,Killinochchi,1822.211037835453,6220.643527739185,2049.1491614961005,4.209307497399896,16.671324654341017,5.040906937280407,25.92153908902132,16.238648032989236,64.31456325601403,19.446788710996746
2010,Kurunegala,33250.32704253147,65664.56190356765,4377.1727560987765,76.8082554682477,175.9810259015613,10.767844980002991,263.557126349812,29.142924925620207,66.77149213866697,4.085582935712819
2010,Puttalam,13735.843640096897,34695.81774385407,12454.155266502206,31.729798808623833,92.98479155352892,30.63722195559543,155.3518123177482,20.424479338371295,59.85433331369373,19.721187347934965
2010,Ratnapura,13419.46079049891,35650.41342798806,1725.3198898607063,30.99895442605248,95.543107987008,4.2442869290573375,130.7863493421178,23.701980047599456,73.05281359072217,3.2452063616783957
2010,Kegalle,10169.48352404767,22203.06552975283,1329.8234843387904,23.491506940550117,59.50421561973758,3.2713657714734246,86.26708833176113,27.23113460165457,68.9767288666329,3.792136531712522
2010,Galle,16691.399070813415,38326.70229252347,4509.720758266677,38.55713185357899,102.7155621439629,11.093913065336025,152.3666070628779,25.305500067785466,67.41343403517199,7.281065897042549
2010,Matara,11041.839605694606,33154.333111549415,3949.6553786349705,25.50664948915454,88.85361273895244,9.716152231442027,124.076414459549,20.55721032901877,71.61200871735394,7.830780953627296
2010,Hambantota,9467.027929229847,28363.782080999765,3793.04941940146,21.86883451652095,76.01493597707936,9.33090157172759,107.2146720653279,20.39724050379584,70.899751417196,8.703008079008159
2010,Badulla,16522.799384731534,43404.99537709013,1531.5531945378884,38.16766657872984,116.32538761060155,3.7676208585632054,158.2606750478946,24.11696182085608,73.50239569962524,2.380642479518684
2010,Moneragala,6261.717131653042,19792.669923154346,1563.405254043009,14.464566574118528,53.04435539405365,3.8459769249458025,71.35489889311799,20.271301338097196,74.33877171279919,5.3899269491036135
2010,Colombo,66099.39334894702,281549.8295196754,6810.95966646732,152.68959863606761,754.5535431127302,16.754960779509606,923.9981025283074,16.5248822717566,81.66180656086507,1.813311167378323
2010,Gampaha,49620.550778911536,127942.0573339945,8493.882534698861,114.62347229928565,342.88471365510526,20.8949510353592,478.4031369897501,23.95959880625563,71.67275612209282,4.367645071651543
2010,Kalutara,20332.844541458344,47309.76210568015,4703.487453589494,46.96887089076878,126.79016244322281,11.570579135830156,185.32961246982174,25.343424758100642,68.4133316600275,6.24324358187187
2010,Total,376065.0,1042490.0,100711.0,868.71015,2793.8732,247.74906,3910.33241,22.2157622144456,71.44848332727805,6.335754458276349
2015,Kandy,31317.976550689982,49296.292430676076,2189.534879040373,72.34452583209386,132.11406371421188,5.386255802439319,209.84484534874505,34.47524560913715,62.95797425695592,2.566780133906935
2015,Matale,11761.506560679165,21947.44730861654,1235.014893531377,27.16908015516887,58.819158787092334,3.0381366380871877,89.02637558034839,30.518012193642704,66.06936248236532,3.4126253239919877
2015,Nuwara Eliya,7897.528837497227,19863.592361004157,1448.5259429215473,18.243291614618595,53.23442752749114,3.5633738195870066,75.04109296169673,24.311068635328283,70.94036803896716,4.748563325704573
2015,Batticaloa,20279.422891102422,33863.2471289776,3952.0476593004064,46.8454668784466,90.75350230565998,9.722037241878999,147.3210064259856,31.79822621017857,61.602553843029,6.59921994679243
2015,Ampara,14869.099508181298,28000.7524739202,3499.906613532987,34.3476198638988,75.04201663010613,8.609770269291149,117.99940676329608,29.108298766958452,63.59524906819115,7.296452164850402
2015,Trincomalee,9394.174569232562,26933.33910816033,5153.570623515679,21.70054325492722,72.18134880986969,12.67778373384857,106.55967579864549,20.364685883553584,67.73795834951969,11.897355766926724
2015,Anuradhapura,46414.94647109911,52490.74667514135,2321.4093507225375,107.21852634823894,140.67520108937882,5.710667002777442,253.60439444039523,42.27786611696059,55.47033260200142,2.251801281037984
2015,Polonnaruwa,10669.277197429727,24893.746282879383,1155.4715614056272,24.646030326062668,66.71524003811675,2.842460041057843,94.20373040523727,26.1624780887578,70.82016789688373,3.0173540143584545
2015,Jaffna,13503.038496397428,25199.312447695087,6957.948315420843,31.192018926678063,67.53415735982284,17.11655285593527,115.84272914243617,26.92617754915412,58.29814081536805,14.775681635477836
2015,Mannar,2482.5671994958584,6200.124104088474,3612.941874974842,5.734730230835432,16.61633259895711,8.88783701243811,31.23889984223065,18.357657471288007,53.191158084556285,28.45118444415571
2015,Mulalativu,2686.7339268005126,6333.05476488013,1502.9503280602182,6.206355370909184,16.972586769878752,3.6972578070281368,26.876199947816072,23.092384276645124,63.15099159417411,13.756624129180775
2015,Vavuniya,4877.455436345545,13562.835357760063,1211.9891921265548,11.26692205795821,36.34839875879697,2.9814934126313246,50.5968142293865,22.26804637714603,71.83930315060411,5.892650472249852
2015,Killinochchi,2982.33728657903,7434.196805766243,1615.985589502073,6.889199131997559,19.923647439453532,3.9753245501750993,30.78817112162619,22.37612330002433,64.71201995320466,12.911856746771026
2015,Kurunegala,54419.43225614639,78474.72278048366,3451.895171678139,125.70888851169816,210.3122570516962,8.491662122328222,344.5128076857226,36.48888683011591,61.04628111345889,2.4648320564252093
2015,Puttalam,22480.886022478135,41464.44596843041,9821.508271947832,51.93084671192449,111.1247151953935,24.160910348991667,187.2164722563097,27.73839613900442,59.35627023420121,12.90533362679436
2015,Ratnapura,21963.075324595946,42605.26880358269,1360.6096284667713,50.73470399981664,114.18212039360161,3.347099686028257,168.2639240794465,30.151860701799656,67.85894303742141,1.9891962607789357
2015,Kegalle,16643.972223461635,26534.54712578536,1048.7160367105423,38.44757583619637,71.11258629710477,2.579841450307934,112.14000358360907,34.28533494519707,63.4141109546914,2.300554100111529
2015,Galle,27318.121106976054,45803.66106626679,3556.424244253915,63.10485975711469,122.753811657595,8.748803640864631,194.6074750555743,32.426739897372265,63.077644690955495,4.495615411672252
2015,Matara,18071.721268687525,39622.241045657414,3114.7494263977783,41.74567613066818,106.18760600236187,7.662283588938534,155.59556572196857,26.829605289178303,68.24590759360518,4.924487117216538
2015,Hambantota,15494.292263735468,33897.12611014273,2991.2479370446404,35.79181512922894,90.84429797518251,7.358469925129815,133.99458302954127,26.71138960993524,67.79699292407545,5.491617465989294
2015,Badulla,27042.18098814942,51872.65216978869,1207.8027009620416,62.46743808262516,139.0187078150337,2.9711946443666224,204.4573405420255,30.55279791717001,67.99399202126416,1.4532100615658274
2015,Moneragala,10248.292921067185,23653.919866033022,1232.9216479491204,23.673556647665198,63.392505240968504,3.032987253954836,90.09904914258854,26.275034945374404,70.35868396418377,3.3662810904418152
2015,Colombo,108182.13769519472,336475.93435399944,5371.211075554482,249.9007380758998,901.7555040687186,13.213179245864024,1164.8694213904823,21.453111695351918,77.41258269036801,1.1343056142800714
2015,Gampaha,81211.8990039282,152901.61375011722,6698.385863221029,187.59948669907416,409.77632485031415,16.478029223523727,613.8538407729121,30.560937187077784,66.7547057023149,2.6843571106073076
2015,Kalutara,33277.92399404942,56539.17971014695,3709.231171758644,76.87200442625416,151.52500162319382,9.124708682526265,237.52171473197424,32.364200684976765,63.79416795393997,3.8416313610832704
2015,Total,615490.0,1245864.0,79422.0,1421.7819000000002,3338.91552,195.37812,4956.075540000001,28.687655959335924,67.37014989081462,3.9421941498494584
2019,Kandy,44121.410968092976,49759.712336017335,3465.9227232735866,101.92045933629478,133.35602906052645,8.526169899253023,243.80265829607427,41.804490586202895,54.69834906335546,3.4971603504416398
2019,Matale,16569.852899906276,22153.768787428446,1954.9659720185623,38.2763601987835,59.37210035030824,4.809216291165663,102.4576768402574,37.35821597678862,57.947927555370754,4.69385646784062
2019,Nuwara Eliya,11126.201429635588,20050.324134080576,2292.9431400624494,25.701525302458208,53.734868679335946,5.6406401245536255,85.07703410634778,30.209710026246157,63.16025146359289,6.6300385101609525
2019,Batticaloa,28570.069018535276,34181.58552736987,6255.891110459399,65.99685943281649,91.60664921335125,15.38949213173012,172.99300077789786,38.15001713135695,52.953962762321886,8.896020106321163
2019,Ampara,20947.89390572816,28263.979289186194,5540.174754601757,48.38963492223205,75.74746449501902,13.62882989632032,137.76592931357138,35.1245298190466,54.982726768828975,9.892743412124423
2019,Trincomalee,13234.706789062524,27186.531485205316,8157.841056118136,30.572172682734433,72.85990438035026,20.068288998050615,123.50036606113531,24.754722320094626,58.99569912552571,16.249578554379656
2019,Anuradhapura,65390.33340799542,52984.19670263974,3674.6733270653995,151.05167017246941,141.99764716307453,9.039696384580882,302.08901372012485,50.00237125882824,47.005233793318446,2.992394947853301
2019,Polonnaruwa,15031.097657231276,25127.765049345937,1829.0529094139767,34.72183558820424,67.34241033224713,4.499470157158383,106.56371607760975,32.583168892980915,63.19450260462204,4.2223285023970485
2019,Jaffna,19023.35899170361,25436.20375155121,11014.07947625373,43.94395927083534,68.16902605415724,27.094635511584176,139.20762083657678,31.567208035559695,48.96932053323753,19.463471431202755
2019,Mannar,3497.491847456256,6258.409642082255,5719.103843566168,8.079206167623951,16.772537840780444,14.068995455172772,38.92073946357716,20.7581003829196,43.09408832398093,36.14781129309948
2019,Mulalativu,3785.1261416718817,6392.589944808498,2379.094182897166,8.743641387262047,17.132141052086777,5.852571689927029,31.728354129275854,27.55781579982512,53.99631188646781,18.44587231370707
2019,Vavuniya,6871.459764881261,13690.335572639124,1918.5174538961824,15.873072056875715,36.69009933467286,4.719552936584608,57.28272432813318,27.71005088017435,64.05089800635287,8.239051113472796
2019,Killinochchi,4201.578248634382,7504.083497242307,2558.0232718615766,9.705645754345424,20.110943772609385,6.292737248779479,36.10932677573429,26.8785009884695,55.694596295060464,17.426902716470032
2019,Kurunegala,76667.2179902003,79212.44050344943,5464.175075905257,177.1012735573627,212.28934054924449,13.441870686726931,402.8324847933341,43.963999985805835,52.69916120547122,3.3368388087229457
2019,Puttalam,31671.535660012552,41854.24099516066,15546.949730018805,73.16124737462899,112.16936586703058,38.24549633584626,223.57610957750583,32.72319547597576,50.170550905013165,17.106253619011078
2019,Ratnapura,30942.033274443147,43005.788369303795,2153.7760708679075,71.47609686396368,115.25551282973417,5.298289134335052,192.0298988280329,37.221337562632435,60.0195665014374,2.759095935930159
2019,Kegalle,23448.37117507504,26783.990577026587,1660.0643253920334,54.16573741442335,71.78109474643126,4.083758240464403,130.03059040131902,41.65614971619316,55.20323681134583,3.140613472460998
2019,Galle,38486.332164089654,46234.247774292795,5629.639299083962,88.90342729904711,123.9077840351047,13.848912675746547,226.66012400989837,39.223232444346785,54.66677677706273,6.109990778590484
2019,Matara,25459.813462278806,39994.71804726172,4930.490451463764,58.81216909786404,107.18584436666141,12.129006510600858,178.1270199751263,33.01698367045976,60.1738267342197,6.809189595320549
2019,Hambantota,21828.678347770037,34215.78299484442,4734.9938542619075,50.42424698334879,91.69829842618306,11.648084881484293,153.77063029101615,32.7918581642796,59.63316808459516,7.574973751125228
2019,Badulla,38097.582036327454,52360.29167314746,1911.890450601204,88.00541450391641,140.3255816840352,4.703250508478962,233.03424669643056,37.765013405329846,60.216720792474234,2.0182658021959323
2019,Moneragala,14438.006330324086,23876.283390038032,1951.6524703710732,33.35179462304864,63.98843948530193,4.80106507711284,102.14129918546341,32.652604665317604,62.646980208382416,4.70041512629998
2019,Colombo,152409.2257023977,339639.04537025327,8502.354859230252,352.0653113725387,910.2326415922788,20.91579295370642,1283.213745918524,27.436217270298215,70.93382879410589,1.6299539355958894
2019,Gampaha,114412.9974569712,154338.99672309132,10603.205271965084,264.29402412560347,413.62851121788475,26.083884969034106,704.0064203125223,37.541422421727084,58.75351407083289,3.7050635074400255
2019,Kalutara,46882.62532957508,57070.68786253376,5871.524919350665,108.29886451131843,152.94944347159048,14.443951301602636,275.6922592845115,39.28251913651124,55.4783235004608,5.2391573630279655
2019,Total,867115.0,1257576.0,125721.0,2003.03565,3370.30368,309.27365999999995,5682.61299,35.248496660336535,59.30904824824258,5.442455091420892
2020,Kandy,38816.9092906768,39721.361365630444,2971.5116215547923,89.66706046146341,106.4532484598896,7.309918589024789,203.4302275103778,44.07755010591488,52.32912028988366,3.59332960420146
2020,Matale,14577.740440818003,17684.54467087262,1676.0916412211545,33.67458041828959,47.39457971793862,4.12318543740404,85.19234557363225,39.52770661676928,55.632439039931356,4.8398543432993595
2020,Nuwara Eliya,9788.552590856325,16005.441612076254,1965.8566368221,22.61155648487811,42.894583520364364,4.836007326582366,70.34214733182483,32.14510409841865,60.979917655936575,6.874978245644792
2020,Batticaloa,25135.22920476976,27285.91157469567,5363.493251907695,58.06237946301815,73.12624302018439,13.19419339969293,144.38281588289547,40.214189692844606,50.64746976502721,9.138340542128185
2020,Ampara,18429.430966235414,22562.102598085818,4749.87326122334,42.5719855320038,60.46643496286999,11.684688222609415,114.7231087174832,37.10846577287358,52.70641254306877,10.185121684057652
2020,Trincomalee,11643.562652410546,21702.01535952774,6994.131560485564,26.896629727068365,58.16140116353435,17.205563638794487,102.2635945293972,26.30127549382838,56.87400431325048,16.824720192921138
2020,Anuradhapura,57528.773098866746,42295.349492401154,3150.4841188377295,132.89146585838216,113.3515366396351,7.750190932340814,253.99319343035808,52.320876817047235,44.62778514209073,3.0513380408620376
2020,Polonnaruwa,13223.982223097737,20058.577290312674,1568.1399761933512,30.547398935355773,53.75698713803797,3.857624341435644,88.16201041482938,34.64916327522576,60.975228315569034,4.375608409205206
2020,Jaffna,16736.273482254335,20304.792643542794,9442.929856642571,38.66079174400752,54.41684428469469,23.229607447340726,116.30724347604294,33.24022699581123,46.787149844113976,19.97262316007479
2020,Mannar,3077.005490277027,4995.859889394047,4903.278258894428,7.107882682539933,13.388904503576047,12.062064516880293,32.55885170299627,21.83087643071215,41.12216433709152,37.04695923219634
2020,Mulalativu,3330.0589185894164,5102.971125422655,2039.718302367439,7.692436101941552,13.675962616132717,5.0177070238239,26.386105741898167,29.153358882083264,51.830166792732996,19.016474325183747
2020,Vavuniya,6045.337729131555,10928.494980545307,1644.842475028896,13.96473015429389,29.288366547861425,4.046312488571084,47.2994091907264,29.52411117437771,61.921210114404026,8.55467871121826
2020,Killinochchi,3696.4430233852677,5990.235841779038,2193.1233000385278,8.538783384019968,16.053832055967824,5.395083318094779,29.987698758082573,28.474286916459416,53.53472497332207,17.99098811021851
2020,Kurunegala,67449.89294304924,63232.39878566488,4684.714875848903,155.80925269844374,169.46282874558187,11.524398594588302,336.79648003861394,46.26213809615234,50.31609259281832,3.421769311029326
2020,Puttalam,27863.821664728595,33410.71226510278,13329.189797643487,64.36542804552306,89.54070887047546,32.789806902202976,186.69594381820147,34.47607201804023,47.960714646091795,17.563213335867992
2020,Ratnapura,27222.023786857968,34329.95048475129,1846.5416386334755,62.88287494764191,92.00426729913346,4.542492431038349,159.4296346778137,39.442400451283675,57.70838494678983,2.849214601926504
2020,Kegalle,20629.288070030845,21380.681651441915,1423.2574783928787,47.65365544177126,57.300226825864335,3.501213396846482,108.45509566448207,43.93860440563636,52.833134740970564,3.2282608533930723
2020,Galle,33859.30848006368,36907.11173950022,4826.575760058884,78.2150025889471,98.9110594618606,11.873376369744854,188.99943842055256,41.38372221768553,52.33404939636298,6.282228385951487
2020,Matara,22398.904478315773,31926.32299688524,4227.159935825556,51.74146934490944,85.56254563165245,10.398813442130868,147.70282841869275,35.030791149264964,57.92884709635253,7.040361754382512
2020,Hambantota,19204.32299804517,27313.210164248867,4059.55077170344,44.36198612548434,73.19940324018697,9.986494898390463,127.54788426406178,34.780652287137855,57.3897432031429,7.8296045097192435
2020,Badulla,33517.295880852,41797.3088894542,1639.160808448485,77.42495348476812,112.01678782373726,4.0323355887832735,193.47407689728865,40.018257084576454,57.89756933855518,2.084173576868366
2020,Moneragala,12702.195368767712,19059.565179950325,1673.2508079309491,29.342071301853416,51.07963468226687,4.1161969875101345,84.53790297163042,34.70877591049325,60.42216909426815,4.869054995238604
2020,Colombo,134085.8091195347,271121.4478879636,7289.5007453953685,309.73821906612517,726.6054803397425,17.93217183367261,1054.2758712395403,29.37923815916964,68.91986245359604,1.7008993872343179
2020,Gampaha,100657.68175848624,123203.1853449706,9090.66652865711,232.51924486210322,330.1845367245212,22.363039660496487,585.066821247121,39.742339920501415,56.435354857536446,3.8223052219621203
2020,Kalutara,41246.15633989912,45557.44616577989,5033.956590243874,95.27862114516697,122.09395572429011,12.38353321199993,229.756110081457,41.469461295887704,53.14067847031503,5.389860233797269
2020,Total,762866.0,1003877.0,107787.0,1762.22046,2690.3903600000003,265.15602,4717.76684,37.352851884473374,57.02677667724673,5.620371438279896
2021,Kandy,42013.88806641621,47056.429554860006,3164.9037191658854,97.05208143342145,126.11123120702483,7.7856631491480774,230.94897578959436,42.02317031353305,54.60566810303512,3.3711615834318276
2021,Matale,15778.36995097653,20950.226827692328,1785.1751379616371,36.44803458675578,56.14660789821544,4.391530839385627,96.98617332435684,37.58065024883533,57.891352935887966,4.527996815276709
2021,Nuwara Eliya,10594.742353256934,18961.05545780146,2093.798636388903,24.473854836023516,50.815628626907916,5.150744645516702,80.44022810844812,30.424894871044234,63.171910152217826,6.403194976737954
2021,Batticaloa,27205.37841961966,32324.6115367483,5712.560441477239,62.84442414932142,86.62995891848546,14.052898686034007,163.5272817538409,38.43054411185144,52.97584475775139,8.593611130397168
2021,Ampara,19947.287506713783,26728.48953346789,5059.004797748911,46.07823414050884,71.63235194969396,12.445151802462322,130.15573789266512,35.40238401053663,55.03587710344868,9.561738886014693
2021,Trincomalee,12602.531909725665,25709.5759524429,7449.324050273815,29.111848711466287,68.90166355254698,18.325337163673588,116.33884942768685,25.0233252732669,59.22498279078686,15.751691935946239
2021,Anuradhapura,62266.869715837216,50105.73820889913,3355.524115253315,143.83646904358395,134.28337839984965,8.254589323523154,286.37443676695676,50.22671390206309,46.89083980953425,2.8824462884026554
2021,Polonnaruwa,14313.115574272428,23762.655578291055,1670.1977561946164,33.063296976569305,63.68391694982003,4.108686480238756,100.8559004066281,32.782709631529336,63.14347171862126,4.073818649849404
2021,Jaffna,18114.680781688363,24054.33781239049,10057.495184041494,41.84491260570012,64.46562533720652,24.741438152742074,131.0519760956487,31.930012696000457,49.19088384455651,18.879103459443034
2021,Mannar,3330.429099343502,5918.410670451865,5222.393708680993,7.6932912194834895,15.861340596811,12.847088523355241,36.40172033964973,21.134416581690374,43.573052176697274,35.29253124161236
2021,Mulalativu,3604.32412618154,6045.301395226352,2172.467371282128,8.325988731479358,16.201407739206626,5.344269733354036,29.87166620404002,27.87252868523719,54.2367058755345,17.89076543922831
2021,Vavuniya,6543.234567529564,12946.584319177939,1751.8922116606575,15.114871850993293,34.696845975396876,4.3096548406852175,54.121372667075384,27.927731885093873,64.10932366559251,7.9629444493136186
2021,Killinochchi,4000.883796940907,7096.411130298604,2335.8562822142103,9.242041570933496,19.01838182920026,5.746206454246957,34.00662985438071,27.177175775749337,55.92551190940882,16.897312314841848
2021,Kurunegala,73005.09762330996,74909.08711948244,4989.605770428769,168.641775509846,200.75635348021297,12.27443019525477,381.67255918531373,44.184935870111964,52.599105869368934,3.215958260519106
2021,Puttalam,30158.699028767493,39580.43667256753,14196.68092765424,69.66659475645291,106.07557028248098,34.92383508202943,210.6660001209633,33.06969075050113,50.35248698013583,16.577822269363043
2021,Ratnapura,29464.04237797133,40669.42423593067,1966.7183723306173,68.06193789311378,108.99405695229422,4.838127195933318,181.89412204134132,37.41843723660543,59.9217037522091,2.659859011185472
2021,Kegalle,22328.325868857948,25328.90377811944,1515.8860069809834,51.57843275706186,67.88146212536009,3.729079577173219,123.18897445959517,41.86935801951911,55.103520768106215,3.027121212374669
2021,Galle,36647.97693796114,43722.491977474405,5140.6992532149525,84.65682672669023,117.17627849963141,12.646120162908783,214.4792253892304,39.47087489385398,54.63292693592279,5.89619817022324
2021,Matara,24243.688710897353,37821.9355379033,4502.272212350706,56.00292092217289,101.36278724158085,11.075589642382736,168.44129780613648,33.24773772915721,60.17692131429784,6.575340956544946
2021,Hambantota,20786.000008119256,32356.951167417872,4323.754698554541,48.01566001875548,86.7166291286799,10.63643655844417,145.36872570587954,33.03025446883549,59.65287836678931,7.316867164375213
2021,Badulla,36277.796021366754,49515.72790355466,1745.8407705150248,83.80170880935721,132.70215078152648,4.294768295466961,220.79862788635063,37.953908324326896,60.10098525151655,1.9451064241565676
2021,Moneragala,13748.35411095792,22579.162833342136,1782.149417388821,31.758697996312797,60.512156393356925,4.3840875667765,96.65494195644622,32.85781084077792,62.606376009852006,4.535813149370073
2021,Colombo,145129.17897345446,321187.564442106,7763.9164701947275,335.2484034286798,860.7826727048441,19.09923451667903,1215.130310650203,27.58950217028921,70.83871294793467,1.5717848817761149
2021,Gampaha,108947.89543282182,145954.26271407586,9682.30583301227,251.66963844981842,391.1574240737233,23.818472349210182,666.6455348727519,37.751642407363704,58.6754734880789,3.572884104557396
2021,Kalutara,44643.20903701219,53970.22364027737,5361.576855030544,103.12581287549816,144.64019935594337,13.189479063375138,260.9554912948167,39.51854485368575,55.42715297473272,5.054302171581518
2021,Total,825696.0,1189256.0,114802.0,1907.35776,3187.20608,282.41292,5376.97676,35.47268000466493,59.27505775568947,5.252262239645611
2022,Kandy,36504.531438321595,42299.13458909118,1711.9404814616744,84.3254676225229,113.36168069876437,4.211373584395719,201.898521905683,41.76626298528109,56.14785072657508,2.0858862881438354
2022,Matale,13709.32395046062,18832.20789676385,965.6260841896634,31.668538325564032,50.470317163327124,2.375440167106572,84.51429565599773,37.47122079141011,59.7180829249985,2.810696283591395
2022,Nuwara Eliya,9205.434753003457,17044.13709981384,1132.5648309478765,21.264554279437988,45.6782874275011,2.786109484131776,69.72895119107085,30.496019108575126,65.5083529111656,3.995627980259298
2022,Batticaloa,23637.888267815222,29056.668915752667,3090.003469406923,54.60352189865316,77.87187269421715,7.601408534741031,140.07680312761136,38.981130836423226,55.59226863799504,5.426600525581722
2022,Ampara,17331.56385686028,24026.301758002915,2736.4861233307074,40.03591250934725,64.39048871144782,6.73175586339354,111.15815708418862,36.017071134982004,57.92691278848744,6.056016076530546
2022,Trincomalee,10949.939257556409,23110.397956840472,4029.443083516867,25.294359684955303,61.935866524332475,9.912429985451492,97.14265619473927,26.038365302929723,63.75764154541061,10.203993151659668
2022,Anuradhapura,54101.7032157182,45040.16527036096,1815.049707400571,124.97493442830903,120.70764292456738,4.465022280205404,250.14759963308182,49.9604771789228,48.25456774385289,1.7849550772242984
2022,Polonnaruwa,12436.211012782063,21360.306678782865,903.4332177503292,28.727647439526567,57.24562189913808,2.2224457156658097,88.19571505433046,32.57261129050285,64.9074865642549,2.5199021452422437
2022,Jaffna,15739.270144314189,21622.50052124248,5440.239159061764,36.357714033365774,57.94830139692985,13.38298833129194,107.68900376158756,33.76177024894579,53.8107878917902,12.427441859264023
2022,Mannar,2893.7039477969065,5320.073194484455,2824.8654598497615,6.6844561194108545,14.257796161218339,6.949169031230412,27.891421311859606,23.965993144166454,51.11893008892966,24.91507676690389
2022,Mulalativu,3131.6826276611328,5434.135563774201,1175.117844827421,7.234186869897217,14.563483310914858,2.890789898275456,24.688460079087534,29.301895892749364,58.98903076280128,11.709073344449346
2022,Vavuniya,5685.2084625232865,11637.714925810082,947.6228860098562,13.132831548428792,31.18907600117102,2.331152299584246,46.65305984918406,28.149989713179508,66.85322699517747,4.996783291643017
2022,Killinochchi,3476.240716298907,6378.980563114641,1263.497181346475,8.030116054650476,17.095667909147238,3.108203066112328,28.233987029910043,28.441310985032565,60.54996019880833,11.008728816159094
2022,Kurunegala,63431.80800441405,67335.95361966197,2698.947223324382,146.52747649019645,180.46035570069412,6.639410169377979,333.62724236026855,43.91951791873406,54.09041372761262,1.9900683536533232
2022,Puttalam,26203.934639282987,35578.9471012898,7679.182350877799,60.5310890167437,95.35157823145667,18.890788583159384,174.77345583135974,34.63402879390942,54.55724256174356,10.80872864434703
2022,Ratnapura,25600.369563188593,36557.84056907494,1063.8253469886124,59.13685369096565,97.97501272512085,2.6170103535919864,159.7288767696785,37.02327023574968,61.338321978183195,1.6384077860671316
2022,Kegalle,19400.372380587938,22768.21084897123,819.9638443712228,44.81486019915814,61.018805075242895,2.017111057153208,107.85077633155423,41.55265425386328,56.577066156352224,1.8702795897845155
2022,Galle,31842.261877021345,39302.2503028949,2780.6757915902344,73.5556249359193,105.33003081175833,6.840462447311976,185.7261181949896,39.60435163927506,56.712557089668316,3.683091271056627
2022,Matara,21064.570251836863,33998.226318309156,2435.341717413931,48.659157281743155,91.11524653306854,5.99094062483827,145.76534443964997,33.381842212768966,62.50816809944304,4.109989687787998
2022,Hambantota,18060.294481049834,29085.73908540204,2338.7791089949646,41.719280251225115,77.94978074887747,5.753396608127613,125.4224576082302,33.263006519565685,62.14977942176954,4.587214058664783
2022,Badulla,31520.62344912045,44509.80362688733,944.3495772498912,72.81264016746825,119.28627372005806,2.323099960034732,194.42201384756103,37.450820885209986,61.35430415487103,1.194874959918987
2022,Moneragala,11945.507734853436,20296.4622822282,963.989429809681,27.594122867511437,54.394518916371574,2.3714139973318153,84.36005578121483,32.70993909614751,64.47899828023118,2.8110626236213068
2022,Colombo,126098.12898247622,288716.25291587546,4199.6105030065,291.2866779495201,773.7595578145463,10.33104183739599,1075.3772776014623,27.086928840379656,71.95238117178292,0.9606899878374314
2022,Gampaha,94661.36215908818,131198.62813213887,5237.294015943938,218.6677465874937,351.6123233941322,12.883743279222086,583.1638132608481,37.49679620290226,60.293920061335605,2.209283735762118
2022,Kalutara,38789.06482596782,48513.960263431516,2900.1515613289553,89.60273974798568,130.01741350599647,7.134372840869229,226.75452609485137,39.51530374767685,57.33839837517078,3.1462978771523713
2022,Total,717421.0,1069025.0,62098.0,1657.24251,2864.987,152.76108,4674.99059,35.44910900023864,61.283267738085435,3.2676232616759124
